{"count":1,"self":854.285568,"total":860.53515629999993,"children":{"InitializeActuators":{"count":1,"self":0.0020147999999999998,"total":0.0020147999999999998,"children":null},"InitializeSensors":{"count":1,"self":0.00099669999999999989,"total":0.00099669999999999989,"children":null},"AgentSendState":{"count":41859,"self":0.0913508,"total":1.4747283999999998,"children":{"CollectObservations":{"count":690,"self":1.3414808999999999,"total":1.3414808999999999,"children":null},"WriteActionMask":{"count":690,"self":0.0020074999999999997,"total":0.0020074999999999997,"children":null},"RequestDecision":{"count":690,"self":0.0398892,"total":0.0398892,"children":null}}},"DecideAction":{"count":41859,"self":1.1317173,"total":1.1317173,"children":null},"AgentAct":{"count":41859,"self":3.6401192,"total":3.6401193999999997,"children":null}},"gauges":{"BossAgent.CumulativeReward":{"count":42,"max":-0.2,"min":-1.6,"runningAverage":-1.16190469,"value":-1,"weightedAverage":-1.10460544}},"metadata":{"timer_format_version":"0.1.0","start_time_seconds":"1700742398","unity_version":"2021.3.25f1","command_line_arguments":"C:\\Program Files\\Unity\\Hub\\Editor\\2021.3.25f1\\Editor\\Unity.exe -projectpath C:\\Users\\Kyousuke\\CaveRPG2 -useHub -hubIPC -cloudEnvironment production","communication_protocol_version":"1.5.0","com.unity.ml-agents_version":"2.3.0-exp.3","scene_name":"Title","end_time_seconds":"1700743258"}}